epoch,step,train_loss_epoch,train_loss_step
0,49,,2821.324462890625
0,54,3894.357666015625,
1,99,,2967.33984375
1,109,2441.911865234375,
