epoch,step,train_loss_epoch,train_loss_step
0,49,,3142.4619140625
0,54,3796.881591796875,
