epoch,step,train_loss_epoch,train_loss_step
0,49,,3029.007080078125
0,54,4006.720703125,
1,99,,2604.036376953125
1,109,2878.145263671875,
