epoch,step,train_loss_epoch,train_loss_step
0,49,,2577.8193359375
0,54,3544.489990234375,
1,99,,2266.8017578125
1,109,2017.6126708984375,
