epoch,step,train_loss_epoch,train_loss_step
0,49,,2886.5556640625
0,54,3600.400634765625,
1,99,,2025.549560546875
1,109,2470.31201171875,
