epoch,step,train_loss_epoch,train_loss_step
0,49,,3488.663818359375
0,54,3884.356201171875,
1,99,,1753.588623046875
1,109,2543.394775390625,
