epoch,step,train_loss_epoch,train_loss_step
0,49,,2246.984130859375
0,54,3591.92724609375,
1,99,,1982.893310546875
1,109,2087.9990234375,
