epoch,step,train_loss_epoch,train_loss_step
0,49,,3055.978271484375
0,54,3974.642822265625,
1,99,,2811.740478515625
1,109,2519.961669921875,
