epoch,step,train_loss_epoch,train_loss_step
0,49,,2698.130615234375
0,54,3795.439208984375,
1,99,,2772.87158203125
1,109,2242.2685546875,
