epoch,step,train_loss_epoch,train_loss_step
0,49,,2611.354736328125
0,54,3759.587158203125,
1,99,,1779.067138671875
1,109,2480.45458984375,
