epoch,step,train_loss_epoch,train_loss_step
0,49,,2114.7958984375
0,54,3703.189453125,
1,99,,2458.898681640625
1,109,2382.513427734375,
