epoch,step,train_loss_epoch,train_loss_step
0,49,,2615.1650390625
0,54,3655.723876953125,
1,99,,2006.994140625
1,109,2165.765380859375,
