epoch,step,train_loss_epoch,train_loss_step
0,49,,2474.6533203125
0,54,3959.155517578125,
1,99,,2157.20166015625
1,109,2352.249267578125,
