epoch,step,train_loss_epoch,train_loss_step
0,49,,2679.94091796875
0,54,4353.1279296875,
1,99,,1704.7161865234375
1,109,2316.89794921875,
