epoch,step,train_loss_epoch,train_loss_step
0,49,,2915.9697265625
0,54,4107.650390625,
1,99,,2640.903076171875
1,109,2303.793212890625,
