epoch,step,train_loss_epoch,train_loss_step
0,49,,2006.03125
0,54,4167.3583984375,
1,99,,2543.53662109375
1,109,2436.58642578125,
