epoch,step,train_loss_epoch,train_loss_step
0,49,,2912.548095703125
0,54,3469.677734375,
1,99,,2390.480224609375
1,109,2370.1904296875,
