epoch,step,train_loss_epoch,train_loss_step
0,49,,2621.9453125
0,54,3566.148681640625,
1,99,,2299.748291015625
1,109,2386.000732421875,
