epoch,step,train_loss_epoch,train_loss_step
0,49,,2756.046630859375
0,54,3496.48193359375,
1,99,,2130.0
1,109,2465.266845703125,
