epoch,step,train_loss_epoch,train_loss_step
0,49,,2467.0458984375
0,54,3802.279296875,
1,99,,2264.657470703125
1,109,2518.185546875,
