epoch,step,train_loss_epoch,train_loss_step
0,49,,3601.293212890625
0,54,3947.394775390625,
1,99,,2154.27294921875
1,109,2600.35986328125,
